{"name":"makeovermonday_2018w51","title":"2018/W51: London Bus Safety Performance","description":"Transport for London produces quarterly reports that provide analysis of incidents on the London bus network\n\n# **Original Visualization**\n![Screenshot 2018-12-15 at 9.24.20 pm.png](https://media.data.world/opVvgdS7uA0NapMACtQq_Screenshot%202018-12-15%20at%209.24.20%20pm.png)\n\n# **About this Dataset**\nDATA SOURCE: [Transport for London](https://tfl.gov.uk/corporate/publications-and-reports/bus-safety-data)\n\nDASHBOARD: [London Buses Safety Dashboard – Q2](https://tfl.gov.uk/cdn/static/cms/documents/q2-18-london-bus-safety-dashboard.pdf)\n\n# **Objectives**\n* What works and what doesn't work with this chart? \n* How can you make it better? \n* Post your alternative on the discussions page.","homepage":"https://data.world/makeovermonday/2018w51","resources":[{"name":"tfl_bus_safety","schema":{"fields":[{"name":"year","title":"Year","type":"gyear","rdfType":"http://www.w3.org/2001/XMLSchema#gYear","dwSourceId":"year"},{"name":"date_of_incident","title":"Date Of Incident","type":"date","rdfType":"http://www.w3.org/2001/XMLSchema#date","dwSourceId":"date_of_incident"},{"name":"route","title":"Route","type":"string","rdfType":"http://www.w3.org/2001/XMLSchema#string","dwSourceId":"route"},{"name":"operator","title":"Operator","type":"string","rdfType":"http://www.w3.org/2001/XMLSchema#string","dwSourceId":"operator"},{"name":"group_name","title":"Group Name","type":"string","rdfType":"http://www.w3.org/2001/XMLSchema#string","dwSourceId":"group_name"},{"name":"bus_garage","title":"Bus Garage","type":"string","rdfType":"http://www.w3.org/2001/XMLSchema#string","dwSourceId":"bus_garage"},{"name":"borough","title":"Borough","type":"string","rdfType":"http://www.w3.org/2001/XMLSchema#string","dwSourceId":"borough"},{"name":"injury_result_description","title":"Injury Result Description","type":"string","rdfType":"http://www.w3.org/2001/XMLSchema#string","dwSourceId":"injury_result_description"},{"name":"incident_event_type","title":"Incident Event Type","type":"string","rdfType":"http://www.w3.org/2001/XMLSchema#string","dwSourceId":"incident_event_type"},{"name":"victim_category","title":"Victim Category","type":"string","rdfType":"http://www.w3.org/2001/XMLSchema#string","dwSourceId":"victim_category"},{"name":"victims_sex","title":"Victims Sex","type":"string","rdfType":"http://www.w3.org/2001/XMLSchema#string","dwSourceId":"victims_sex"},{"name":"victims_age","title":"Victims Age","type":"string","rdfType":"http://www.w3.org/2001/XMLSchema#string","dwSourceId":"victims_age"}]},"path":"data/tfl_bus_safety.csv","format":"csv"},{"name":"original/TFL Bus Safety.xlsx","path":"original/TFL Bus Safety.xlsx","format":"xlsx","mediatype":"application/vnd.openxmlformats-officedocument.spreadsheetml.sheet","bytes":1246863}],"keywords":["makeover monday","bus","transportation","transport for london","safety","perfomance","kpi","incidents","accidents","injuries","collisions"]}